Date;EUR-USD;USD-UAH;WTI;BalticDryIndex;PalmoilBursaMalaysia;PalmoilFOBRotterdam;SunseedEXW;SunseedEXWUAH;SunseedFOB;SunseedCPTSaintNazaire;SunseedCPTSaintNazaireUSD;SunoilEXW;SunoilFOB;SunoilFOBRotterdam;BasisSunseedEXW-FOB;BasisSunseed-SunoilEXW;BasisSunseedEXW-CPTSaintNazaire;BasisSunseedEXW-SunoilFOBRotterdam;BasisSunseedEXW-RapeseedEuronext;BasisSunoilEXW-FOB;BasisSunoilFOB-SunoilFOBRotterdam;SpreadSunoilFOB-PalmoilBursaMalaysia;RapeseedEXW;RapeseedEXWUAH;RapeseedFOB;RapeseedEuronext;RapeseedEuronextUSD;RapeseedCPTRouen;RapeseedCPTRouenUSD;RapeoilFOBRotterdam;BasisRapeseedEXW-FOB;BasisRapeseedEXW-Euronext;BasisRapeseedEXW-CPTRouen;BasisRapeseedEXW-RapeoilFOBRotterdam;SpreadSunseedEXW-RapeseedEXW;SoybeanEXW;SoybeanEXWUAH;SoybeanFOB;SoyoilFOBRotterdam;SoybeanCBOT;SoymealCBOT;SoyoilCBOT;BasisSoybeanEXW-FOB;BasisSoybeanEXW-CBOT;BasisSoyoilFOBRotterdam-SoyoilCBOT;CrushSpreadCBOT
06.09.2013;1,3179;8,155;110,53;1352,0;731,0;840,0;363,0;2960,3;485,0;495,0;652,4;901,0;875,0;965,0;-122,0;-538,0;-132,0;-602,0;-140,4;26,0;-90,0;144,0;0,0;0,0;0,0;382,0;503,4;438,0;577,2;995,0;0,0;0,0;0,0;0,0;0,0;457,0;3726,8;440,0;1045,0;528,0;438,7;1404,9;17,0;-71,0;-359,9;80,1
13.09.2013;1,3292;8,135;108,21;1636,0;717,8;815,0;369,0;3001,8;470,0;476,0;632,7;901,0;850,0;950,0;-101,0;-532,0;-107,0;-581,0;-130,8;51,0;-100,0;132,2;0,0;0,0;0,0;376,0;499,8;432,0;574,2;990,0;0,0;0,0;0,0;0,0;0,0;457,0;3717,7;440,0;1030,0;547,0;451,5;1367,9;17,0;-90,0;-337,9;64,6
20.09.2013;1,3522;8,155;104,68;1904,0;728,5;825,0;375,0;3058,1;440,0;519,0;701,8;888,0;860,0;950,0;-65,0;-513,0;-144,0;-575,0;-115,8;28,0;-90,0;131,5;0,0;0,0;0,0;363,0;490,8;438,0;592,3;1000,0;0,0;0,0;0,0;0,0;0,0;469,0;3824,7;440,0;1026,0;483,2;376,2;1363,7;29,0;-14,2;-337,7;67,3
27.09.2013;1,3521;8,159;102,87;2046,0;728,5;810,0;375,0;3059,6;420,0;510,0;689,6;888,0;880,0;980,0;-45,0;-513,0;-135,0;-605,0;-121,6;8,0;-100,0;151,5;0,0;0,0;0,0;367,3;496,6;450,0;608,4;977,0;0,0;0,0;0,0;0,0;0,0;457,0;3728,7;440,0;1012,0;484,9;382,1;1344,9;17,0;-27,9;-332,9;66,9
04.10.2013;1,3557;8,182;103,84;2084,0;735,5;810,0;375,0;3068,3;405,0;516,0;699,5;888,0;870,0;980,0;-30,0;-513,0;-141,0;-605,0;-123,9;18,0;-110,0;134,5;0,0;0,0;0,0;368,0;498,9;450,0;610,1;987,0;0,0;0,0;0,0;0,0;0,0;469,0;3837,4;440,0;955,0;475,8;392,5;1295,7;29,0;-6,8;-340,7;75,3
11.10.2013;1,3541;8,185;102,02;1985,0;748,8;840,0;375,0;3069,4;395,0;516,0;698,7;888,0;875,0;985,0;-20,0;-513,0;-141,0;-610,0;-129,7;13,0;-110,0;126,2;0,0;0,0;0,0;372,8;504,7;456,0;617,5;1015,0;0,0;0,0;0,0;0,0;0,0;469,0;3838,8;460,0;980,0;465,4;384,0;1299,6;9,0;3,6;-319,6;79,6
18.10.2013;1,3684;8,1825;100,81;1901,0;757,7;855,0;382,0;3125,7;370,0;507,0;693,8;888,0;885,0;990,0;12,0;-506,0;-125,0;-608,0;-135,3;3,0;-105,0;127,3;0,0;0,0;0,0;378,0;517,3;456,0;624,0;1015,0;0,0;0,0;0,0;0,0;0,0;469,0;3837,6;485,0;1004,0;474,4;373,2;1350,4;-16,0;-5,4;-346,4;71,3
25.10.2013;1,3804;8,173;97,85;1671,0;782,2;885,0;388,0;3171,1;380,0;488,0;673,6;888,0;915,0;1000,0;8,0;-500,0;-100,0;-612,0;-122,7;-27,0;-85,0;132,8;0,0;0,0;0,0;370,0;510,7;456,0;629,5;1035,0;0,0;0,0;0,0;0,0;0,0;475,0;3882,2;475,0;1008,0;477,6;385,4;1319,7;0,0;-2,6;-311,7;72,2
01.11.2013;1,3485;8,163;94,61;1525,0;835,6;940,0;394,0;3216,2;380,0;401,0;540,7;901,0;915,0;1000,0;14,0;-507,0;-7,0;-606,0;-113,0;-14,0;-85,0;79,4;0,0;0,0;0,0;376,0;507,0;404,0;544,8;1026,0;0,0;0,0;0,0;0,0;0,0;482,0;3934,6;480,0;999,0;465,1;359,4;1347,5;2,0;16,9;-348,5;69,0
08.11.2013;1,337;8,2;94,6;1581,0;789,6;915,0;400,0;3280,0;395,0;395,0;528,1;938,0;905,0;1000,0;5,0;-538,0;5,0;-600,0;-103,7;33,0;-95,0;115,4;0,0;0,0;0,0;376,8;503,7;401,0;536,1;1010,0;0,0;0,0;0,0;0,0;0,0;482,0;3952,4;480,0;988,0;479,8;384,3;1303,8;2,0;2,2;-315,8;66,2
15.11.2013;1,3495;8,204;93,84;1507,0;807,1;920,0;406,0;3330,8;400,0;386,0;520,9;938,0;910,0;1005,0;6,0;-532,0;20,0;-599,0;-104,8;28,0;-95,0;102,9;544,0;4463,0;605,0;378,5;510,8;390,0;526,3;1028,0;-61,0;33,2;17,7;-484,0;-138,0;488,0;4003,6;465,0;995,0;470,5;373,6;1311,2;23,0;17,5;-316,2;68,3
22.11.2013;1,3558;8,2155;94,84;1483,0;821,9;928,0;413,0;3393,0;400,0;363,0;492,2;951,0;895,0;990,0;13,0;-538,0;50,0;-577,0;-99,5;56,0;-95,0;73,1;544,0;4469,2;605,0;378,0;512,5;353,0;478,6;1020,0;-61,0;31,5;65,4;-476,0;-131,0;488,0;4009,2;465,0;990,0;484,8;389,3;1333,6;23,0;3,2;-343,6;70,7
29.11.2013;1,3589;8,225;92,72;1821,0;811,4;920,0;419,0;3446,3;410,0;388,0;527,3;951,0;900,0;995,0;9,0;-532,0;31,0;-576,0;-94,7;51,0;-95,0;88,6;544,0;4474,4;600,0;378,0;513,7;355,0;482,4;1026,0;-56,0;30,3;61,6;-482,0;-125,0;488,0;4013,8;480,0;995,0;491,0;415,5;1303,1;8,0;-3,0;-308,1;79,8
06.12.2013;1,3703;8,205;97,65;2176,0;813,4;925,0;419,0;3437,9;420,0;407,0;557,7;963,0;895,0;990,0;-1,0;-544,0;12,0;-571,0;-94,2;68,0;-95,0;81,6;544,0;4463,5;575,0;374,5;513,2;351,0;481,0;1026,0;-31,0;30,8;63,0;-482,0;-125,0;488,0;4004,0;487,5;1000,0;487,0;407,0;1305,1;0,5;1,0;-305,1;77,5
13.12.2013;1,3741;8,255;96,6;2330,0;798,3;915,0;419,0;3458,8;425,0;402,0;552,4;970,0;885,0;982,0;-6,0;-551,0;17,0;-563,0;-85,6;85,0;-97,0;86,7;544,0;4490,7;565,0;367,3;504,6;347,0;476,8;1014,0;-21,0;39,4;67,2;-470,0;-125,0;494,0;4078,0;497,5;1000,0;487,7;421,2;1278,8;-3,5;6,3;-278,8;83,3
20.12.2013;1,3671;8,22;99,32;2208,0;774,8;890,0;407,0;3345,5;425,0;406,0;555,0;963,0;865,0;970,0;-18,0;-556,0;1,0;-563,0;-96,8;98,0;-105,0;90,2;544,0;4471,7;565,0;368,5;503,8;347,0;474,4;990,0;-21,0;40,2;69,6;-446,0;-137,0;494,0;4060,7;497,5;965,0;491,9;406,4;1277,9;-3,5;2,1;-312,9;67,0
27.12.2013;1,3741;8,23;100,32;2277,0;794,1;890,0;400,0;3292,0;430,0;406,0;557,9;951,0;865,0;970,0;-30,0;-551,0;-6,0;-570,0;-104,3;86,0;-105,0;70,9;500,0;4115,0;565,0;367,0;504,3;347,0;476,8;990,0;-65,0;-4,3;23,2;-490,0;-100,0;494,0;4065,6;495,0;965,0;489,2;405,6;1264,2;-1,0;4,8;-299,2;66,6
03.01.2014;1,3587;8,22;93,96;2036,0;793,3;905,0;400,0;3288,0;435,0;342,5;465,4;938,0;855,0;960,0;-35,0;-538,0;57,5;-560,0;-98,0;83,0;-105,0;61,7;500,0;4110,0;570,0;366,5;498,0;371,5;504,8;990,0;-70,0;2,0;-4,8;-490,0;-100,0;488,0;4011,4;495,0;942,0;473,7;386,3;1242,2;-7,0;14,3;-300,2;62,7
10.01.2014;1,3667;8,28;92,72;1512,0;761,0;865,0;388,0;3212,6;450,0;330,0;451,0;938,0;825,0;940,0;-62,0;-550,0;58,0;-552,0;-98,9;113,0;-115,0;64,0;500,0;4140,0;570,0;356,3;486,9;358,5;490,0;956,0;-70,0;13,1;10,0;-456,0;-112,0;488,0;4040,6;495,0;931,0;479,0;396,0;1229,6;-7,0;9,0;-298,6;62,8
17.01.2014;1,3539;8,365;94,37;1421,0;763,0;862,0;382,0;3195,4;450,0;320,0;433,2;938,0;815,0;910,0;-68,0;-556,0;62,0;-528,0;-106,1;123,0;-95,0;52,0;475,0;3973,4;563,0;360,5;488,1;365,0;494,2;945,0;-88,0;-13,1;-19,2;-470,0;-93,0;500,0;4182,5;497,5;925,0;483,7;395,4;1222,8;2,5;16,3;-297,8;56,4
24.01.2014;1,3675;8,47;96,64;1246,0;773,2;865,0;388,0;3286,4;460,0;320,0;437,6;901,0;820,0;905,0;-72,0;-513,0;68,0;-517,0;-101,6;81,0;-85,0;46,8;457,0;3870,8;535,0;358,0;489,6;358,0;489,6;948,0;-78,0;-32,6;-32,6;-491,0;-69,0;500,0;4235,0;497,5;940,0;472,0;387,4;1216,3;2,5;28,0;-276,3;60,5
31.01.2014;1,3485;8,61;97,49;1110,0;762,6;858,0;397,0;3418,2;465,0;320,0;431,5;901,0;820,0;905,0;-68,0;-504,0;77,0;-508,0;-100,6;81,0;-85,0;57,4;450,0;3874,5;525,0;369,0;497,6;365,0;492,2;930,0;-75,0;-47,6;-42,2;-480,0;-53,0;519,0;4468,6;502,5;935,0;471,3;387,8;1219,5;16,5;47,7;-284,5;62,1
07.02.2014;1,3633;8,53;99,88;1091,0;774,1;865,0;368,0;3139,0;470,0;325,0;443,1;888,0;855,0;930,0;-102,0;-520,0;43,0;-562,0;-144,9;33,0;-75,0;80,9;438,0;3736,1;500,0;376,3;512,9;367,5;501,0;955,0;-62,0;-74,9;-63,0;-517,0;-70,0;531,0;4529,4;507,4;948,0;489,2;406,2;1249,3;23,6;41,8;-301,3;64,4
14.02.2014;1,369;8,77;100,3;1106,0;801,1;900,0;376,0;3297,5;470,0;325,0;444,9;875,0;845,0;935,0;-94,0;-499,0;51,0;-559,0;-148,3;30,0;-90,0;43,9;425,0;3727,3;500,0;383,0;524,3;364,3;498,7;978,0;-75,0;-99,3;-73,7;-553,0;-49,0;506,0;4437,6;507,4;991,0;491,4;409,5;1268,5;-1,4;14,6;-277,5;68,3
21.02.2014;1,3737;8,9;102,2;1175,0;843,0;935,0;390,0;3471,0;465,0;345,0;473,9;816,0;865,0;955,0;-75,0;-426,0;45,0;-565,0;-148,5;-49,0;-90,0;22,0;400,0;3560,0;500,0;392,0;538,5;394,3;541,6;982,0;-100,0;-138,5;-141,6;-582,0;-10,0;510,0;4539,0;500,0;1015,0;503,6;414,8;1326,8;10,0;6,4;-311,8;71,0
28.02.2014;1,3802;9,7;102,59;1258,0;862,3;945,0;366,0;3550,2;460,0;350,0;483,1;822,0;875,0;970,0;-94,0;-456,0;16,0;-604,0;-178,8;-53,0;-95,0;12,7;400,0;3880,0;495,0;394,8;544,8;399,0;550,7;987,0;-95,0;-144,8;-150,7;-587,0;-34,0;537,0;5208,9;507,5;1010,0;519,6;425,8;1345,2;29,5;17,4;-335,2;67,2
07.03.2014;1,3876;9,215;102,58;1543,0;887,5;990,0;375,0;3455,6;460,0;360,0;499,5;803,0;915,0;1000,0;-85,0;-428,0;15,0;-625,0;-196,3;-112,0;-85,0;27,5;400,0;3686,0;480,0;411,8;571,3;413,0;573,1;1024,0;-80,0;-171,3;-173,1;-624,0;-25,0;470,0;4331,1;507,5;1020,0;535,5;423,2;1428,5;-37,5;-65,5;-408,5;64,5
14.03.2014;1,3914;9,6;98,89;1477,0;866,7;960,0;398,0;3820,8;440,0;360,0;500,9;761,0;910,0;975,0;-42,0;-363,0;38,0;-577,0;-162,0;-149,0;-65,0;43,3;419,0;4022,4;465,0;402,5;560,0;400,8;557,6;1018,0;-46,0;-141,0;-138,6;-599,0;-21,0;488,0;4684,8;515,0;1026,0;505,5;408,6;1361,4;-27,0;-17,5;-335,4;70,5
21.03.2014;1,3791;10,52;99,46;1599,0;853,3;960,0;380,0;3997,6;440,0;350,0;482,7;781,0;885,0;950,0;-60,0;-401,0;30,0;-570,0;-173,4;-104,0;-65,0;31,7;432,0;4544,6;460,0;401,3;553,4;369,8;509,9;995,0;-28,0;-121,4;-77,9;-563,0;-52,0;521,0;5480,9;517,5;984,0;517,6;414,9;1329,0;3,5;3,4;-345,0;57,5
28.03.2014;1,3752;10,603;101,67;1373,0;836,1;925,0;356,0;3774,7;440,0;360,0;495,1;849,0;860,0;935,0;-84,0;-493,0;-4,0;-579,0;-210,9;-11,0;-75,0;23,9;438,0;4644,1;460,0;412,3;566,9;405,3;557,3;1004,0;-22,0;-128,9;-119,3;-566,0;-82,0;483,0;5121,2;517,5;975,0;527,8;426,2;1311,6;-34,5;-44,8;-336,6;53,2
04.04.2014;1,3702;11,57;101,14;1205,0;825,1;915,0;374,0;4327,2;435,0;350,0;479,6;799,0;875,0;930,0;-61,0;-425,0;24,0;-556,0;-186,1;-76,0;-55,0;49,9;438,0;5067,7;460,0;408,8;560,1;405,8;556,0;1015,0;-22,0;-122,1;-118,0;-577,0;-64,0;446,0;5160,2;517,5;998,0;541,5;436,0;1346,9;-71,5;-95,5;-348,9;53,8
11.04.2014;1,3883;12,56;103,74;1002,0;822,3;900,0;365,0;4584,4;430,0;350,0;485,9;785,0;870,0;940,0;-65,0;-420,0;15,0;-575,0;-213,9;-85,0;-70,0;47,7;432,0;5425,9;487,5;417,0;578,9;362,0;502,6;1033,0;-55,5;-146,9;-70,6;-601,0;-67,0;495,0;6217,2;535,0;1008,0;537,5;430,3;1364,0;-40,0;-42,5;-356,0;56,4
18.04.2014;1,3813;11,2;104,3;930,0;831,7;920,0;404,0;4524,8;440,0;345,0;476,5;717,0;885,0;950,0;-36,0;-313,0;59,0;-546,0;-181,3;-168,0;-65,0;53,3;432,0;4838,4;500,0;423,8;585,3;368,8;509,4;1044,0;-68,0;-153,3;-77,4;-612,0;-28,0;472,0;5286,4;540,0;1015,0;556,2;444,4;1406,5;-68,0;-84,2;-391,5;56,6
25.04.2014;1,3831;11,45;100,6;967,0;828,0;910,0;391,0;4477,0;445,0;345,0;477,2;862,0;875,0;940,0;-54,0;-471,0;46,0;-549,0;-156,7;-13,0;-65,0;47,0;438,0;5015,1;490,0;396,0;547,7;362,0;500,7;1014,0;-52,0;-109,7;-62,7;-576,0;-47,0;476,0;5450,2;555,0;1000,0;550,4;446,4;1390,6;-79,0;-74,4;-390,6;61,3
02.05.2014;1,387;11,5;99,76;1017,0;814,6;911,0;393,0;4519,5;455,0;340,0;471,6;844,0;880,0;941,0;-62,0;-451,0;53,0;-548,0;-105,3;-36,0;-61,0;65,4;438,0;5037,0;490,0;359,3;498,3;384,0;532,6;1018,0;-52,0;-60,3;-94,6;-580,0;-45,0;526,0;6049,0;560,0;999,0;544,0;447,0;1337,8;-34,0;-18,0;-338,8;58,4
09.05.2014;1,3757;11,62;99,99;997,0;819,6;893,0;406,0;4717,7;465,0;335,0;460,9;859,0;880,0;940,0;-59,0;-453,0;71,0;-534,0;-87,9;-21,0;-60,0;60,4;432,0;5019,8;490,0;359,0;493,9;354,3;487,3;963,0;-58,0;-61,9;-55,3;-531,0;-26,0;519,0;6030,8;560,0;984,0;551,5;452,7;1327,8;-41,0;-32,5;-343,8;53,7
16.05.2014;1,3692;11,93;102,02;1027,0;813,4;910,0;400,0;4772,0;480,0;340,0;465,5;845,0;880,0;950,0;-80,0;-445,0;60,0;-550,0;-92,9;-35,0;-70,0;66,6;438,0;5225,3;490,0;360,0;492,9;375,0;513,5;963,0;-52,0;-54,9;-75,5;-525,0;-38,0;515,0;6144,0;550,0;977,0;538,2;437,0;1320,3;-35,0;-23,2;-343,3;53,0
23.05.2014;1,3633;11,9;104,35;964,0;791,5;895,0;410,0;4879,0;490,0;340,0;463,5;843,0;880,0;950,0;-80,0;-433,0;70,0;-540,0;-78,7;-37,0;-70,0;88,5;444,0;5283,6;490,0;358,5;488,7;375,0;511,2;950,0;-46,0;-44,7;-67,2;-506,0;-34,0;510,0;6069,0;550,0;963,0;556,8;457,4;1308,3;-40,0;-46,8;-345,3;48,5
30.05.2014;1,363;11,7999;102,71;934,0;754,6;875,0;410,0;4838,0;495,0;335,0;456,6;866,0;875,0;935,0;-85,0;-456,0;75,0;-525,0;-67,7;-9,0;-60,0;120,4;450,0;5310,0;490,0;350,5;477,7;341,8;465,8;940,0;-40,0;-27,7;-15,8;-490,0;-40,0;503,0;5935,3;555,0;937,0;548,6;455,2;1247,4;-52,0;-45,6;-310,4;43,8
06.06.2014;1,3641;11,71;102,66;989,0;753,5;852,0;409,0;4789,4;490,0;345,0;470,6;864,0;865,0;930,0;-81,0;-455,0;64,0;-521,0;-60,6;-1,0;-65,0;111,5;450,0;5269,5;490,0;344,3;469,6;335,3;457,3;925,0;-40,0;-19,6;-7,3;-475,0;-41,0;521,0;6100,9;555,0;925,0;535,3;443,7;1263,9;-34,0;-14,3;-338,9;51,0
13.06.2014;1,3542;11,75;106,91;906,0;747,0;845,0;408,0;4794,0;490,0;345,0;467,2;867,0;860,0;920,0;-82,0;-459,0;63,0;-512,0;-67,7;7,0;-60,0;113,0;450,0;5287,5;495,0;351,3;475,7;336,3;455,3;920,0;-45,0;-25,7;-5,3;-470,0;-42,0;516,0;6063,0;550,0;920,0;523,8;425,8;1286,0;-34,0;-7,8;-366,0;52,1
20.06.2014;1,3599;11,86;107,26;904,0;763,4;865,0;402,0;4767,7;495,0;345,0;469,2;869,0;870,0;935,0;-93,0;-467,0;57,0;-533,0;-78,4;-1,0;-65,0;106,6;450,0;5337,0;500,0;353,3;480,4;343,0;466,4;935,0;-50,0;-30,4;-16,4;-485,0;-48,0;525,0;6226,5;560,0;935,0;520,1;417,9;1300,2;-35,0;4,9;-365,2;52,1
27.06.2014;1,3647;11,72;105,74;831,0;768,6;865,0;387,0;4535,6;490,0;345,0;470,8;855,0;890,0;935,0;-103,0;-468,0;42,0;-548,0;-87,6;-35,0;-45,0;121,4;450,0;5274,0;500,0;347,8;474,6;338,0;461,3;935,0;-50,0;-24,6;-11,3;-485,0;-63,0;516,0;6047,5;560,0;935,0;526,1;427,5;1295,4;-44,0;-10,1;-360,4;52,9
04.07.2014;1,3593;11,7;104,06;893,0;769,8;860,0;380,0;4446,0;495,0;345,0;469,0;855,0;870,0;900,0;-115,0;-475,0;35,0;-520,0;-79,1;-15,0;-30,0;100,2;450,0;5265,0;500,0;337,8;459,1;328,0;445,9;906,0;-50,0;-9,1;4,1;-456,0;-70,0;505,0;5908,5;565,0;918,0;509,9;406,8;1249,3;-60,0;-4,9;-331,3;44,2
11.07.2014;1,3608;11,675;100,83;814,0;756,9;860,0;386,0;4506,6;490,0;340,0;462,7;857,0;845,0;900,0;-104,0;-471,0;46,0;-514,0;-64,8;12,0;-55,0;88,1;456,0;5323,8;500,0;331,3;450,8;325,0;442,3;906,0;-44,0;5,2;13,7;-450,0;-70,0;507,0;5919,2;565,0;918,0;476,1;383,8;1189,4;-58,0;30,9;-271,4;48,7
18.07.2014;1,3524;11,62;103,13;732,0;749,8;835,0;384,0;4462,1;490,0;340,0;459,8;864,0;840,0;880,0;-106,0;-480,0;44,0;-496,0;-45,0;24,0;-40,0;90,2;456,0;5298,7;502,5;317,3;429,0;317,3;429,0;863,0;-46,5;27,0;27,0;-407,0;-72,0;515,0;5984,3;540,0;879,0;432,3;346,1;1184,9;-25,0;82,7;-305,9;61,4
25.07.2014;1,3429;11,87;102,09;739,0;735,9;830,0;387,0;4593,7;495,0;330,0;443,2;863,0;840,0;870,0;-108,0;-476,0;57,0;-483,0;-39,7;23,0;-30,0;104,1;456,0;5412,7;502,5;317,8;426,7;320,0;429,7;860,0;-46,5;29,3;26,3;-404,0;-69,0;504,0;5982,5;550,0;876,0;445,4;362,2;1169,3;-46,0;58,6;-293,3;58,3
01.08.2014;1,3429;12,28;97,88;751,0;734,0;815,0;375,0;4605,0;495,0;300,0;402,9;861,0;830,0;870,0;-120,0;-486,0;75,0;-495,0;-65,5;31,0;-40,0;96,0;456,0;5599,7;502,5;328,0;440,5;316,8;425,4;856,0;-46,5;15,5;30,6;-400,0;-81,0;507,0;6226,0;480,0;870,0;446,4;352,6;1148,6;27,0;60,6;-278,6;45,9
08.08.2014;1,341;12,5;97,65;777,0;714,6;800,0;356,0;4450,0;495,0;325,0;435,8;846,0;800,0;855,0;-139,0;-490,0;31,0;-499,0;-83,8;46,0;-55,0;85,4;456,0;5700,0;502,5;328,0;439,8;316,8;424,8;872,0;-46,5;16,2;31,2;-416,0;-100,0;488,0;6100,0;470,0;876,0;472,0;361,7;1148,3;18,0;16,0;-272,3;27,5
15.08.2014;1,3398;13,05;97,35;1015,0;687,0;760,0;305,0;3980,3;490,0;325,0;435,4;803,0;770,0;830,0;-185,0;-498,0;-20,0;-525,0;-126,1;33,0;-60,0;83,0;456,0;5950,8;502,5;321,8;431,1;311,3;417,0;842,0;-46,5;24,9;39,0;-386,0;-151,0;403,0;5259,2;475,0;860,0;405,1;353,4;1065,0;-72,0;-2,1;-205,0;72,5
22.08.2014;1,3242;13,5;93,65;1088,0;639,6;740,0;303,0;4090,5;415,0;325,0;430,4;784,0;760,0;805,0;-112,0;-481,0;-22,0;-502,0;-127,0;24,0;-45,0;120,4;456,0;6156,0;502,5;324,8;430,0;308,8;408,8;842,0;-46,5;26,0;47,2;-386,0;-153,0;401,0;5413,5;455,0;847,0;428,4;394,3;1048,5;-54,0;-27,4;-201,5;78,9
29.08.2014;1,3132;13,1;95,96;1147,0;614,9;720,0;299,0;3916,9;415,0;300,0;394,0;771,0;770,0;805,0;-116,0;-472,0;-1,0;-506,0;67,5;1,0;-35,0;155,1;456,0;5973,6;505,0;176,3;231,5;315,3;414,0;844,0;-49,0;224,5;42,0;-388,0;-157,0;378,0;4951,8;425,0;837,0;400,3;399,9;1038,1;-47,0;-22,3;-201,1;109,6
05.09.2014;1,295;12,7;93,29;1155,0;641,2;710,0;331,0;4203,7;420,0;300,0;388,5;801,0;765,0;810,0;-89,0;-470,0;31,0;-479,0;-90,2;36,0;-45,0;123,8;456,0;5791,2;505,0;325,3;421,2;309,8;401,1;826,0;-49,0;34,8;54,9;-370,0;-125,0;395,0;5016,5;420,0;826,0;398,8;396,9;1048,1;-25,0;-3,8;-222,1;110,5
12.09.2014;1,2964;12,9765;92,27;1181,0;664,9;715,0;313,0;4061,6;410,0;295,0;382,4;819,0;755,0;805,0;-97,0;-506,0;18,0;-492,0;-103,8;64,0;-50,0;90,1;404,0;5242,5;505,0;321,5;416,8;309,0;400,6;814,0;-101,0;-12,8;3,4;-410,0;-91,0;382,0;4957,0;420,0;834,0;400,8;371,3;1042,0;-38,0;-18,8;-208,0;86,9
19.09.2014;1,2828;14,3;92,41;1075,0;661,2;710,0;310,0;4433,0;395,0;290,0;372,0;799,0;790,0;830,0;-85,0;-489,0;20,0;-520,0;-98,3;9,0;-40,0;128,8;398,0;5691,4;505,0;318,3;408,3;313,5;402,2;840,0;-107,0;-10,3;-4,2;-442,0;-88,0;382,0;5462,6;420,0;875,0;351,6;294,9;1051,7;-38,0;30,4;-176,7;76,8
26.09.2014;1,2683;12,85;93,54;1049,0;672,1;720,0;313,0;4022,1;380,0;285,0;361,5;772,0;785,0;850,0;-67,0;-459,0;28,0;-537,0;-87,1;-13,0;-65,0;112,9;396,0;5088,6;505,0;315,5;400,1;306,8;389,1;820,0;-109,0;-4,1;6,9;-424,0;-83,0;386,0;4960,1;420,0;864,0;334,4;279,6;1034,2;-34,0;51,6;-170,2;78,5
03.10.2014;1,2516;12,9;89,74;1037,0;671,7;738,0;320,0;4128,0;370,0;285,0;356,7;813,0;805,0;855,0;-50,0;-493,0;35,0;-535,0;-86,8;8,0;-50,0;133,3;401,0;5172,9;465,0;325,0;406,8;314,5;393,6;813,0;-64,0;-5,8;7,4;-412,0;-81,0;370,0;4773,0;420,0;819,0;335,2;280,3;1046,2;-50,0;34,8;-227,2;80,5
10.10.2014;1,2627;12,9;85,82;963,0;678,4;725,0;324,0;4179,6;380,0;315,0;397,8;811,0;810,0;875,0;-56,0;-487,0;9,0;-551,0;-85,1;1,0;-65,0;131,6;406,0;5237,4;460,0;324,0;409,1;317,8;401,2;845,0;-54,0;-3,1;4,8;-439,0;-82,0;363,0;4682,7;410,0;846,0;338,9;308,8;1045,9;-47,0;24,1;-199,9;99,5
17.10.2014;1,2761;12,8;82,75;944,0;661,3;695,0;336,0;4300,8;380,0;310,0;395,6;819,0;805,0;860,0;-44,0;-483,0;26,0;-524,0;-74,9;14,0;-55,0;143,7;397,0;5081,6;470,0;322,0;410,9;320,8;409,3;829,0;-73,0;-13,9;-12,3;-432,0;-61,0;367,0;4697,6;410,0;822,0;349,7;300,8;1037,4;-43,0;17,3;-215,4;80,8
24.10.2014;1,267;12,95;81,01;1192,0;671,0;710,0;344,0;4454,8;370,0;315,0;399,1;819,0;815,0;870,0;-26,0;-475,0;29,0;-526,0;-65,2;4,0;-55,0;144,0;390,0;5050,5;470,0;323,0;409,2;320,8;406,4;833,0;-80,0;-19,2;-16,4;-443,0;-46,0;367,0;4752,7;410,0;830,0;359,1;318,7;1049,4;-43,0;7,9;-219,4;87,9
31.10.2014;1,2524;12,9505;80,54;1428,0;697,7;750,0;355,0;4597,4;370,0;325,0;407,0;815,0;850,0;900,0;-15,0;-460,0;30,0;-545,0;-58,9;-35,0;-50,0;152,3;364,0;4714,0;465,0;330,5;413,9;330,8;414,2;865,0;-101,0;-49,9;-50,2;-501,0;-9,0;388,0;5024,8;395,0;860,0;384,5;354,0;1127,5;-7,0;3,5;-267,5;105,0
07.11.2014;1,2452;14,47;78,65;1437,0;655,3;740,0;356,0;5151,3;370,0;330,0;410,9;830,0;850,0;880,0;-14,0;-474,0;26,0;-524,0;-60,5;-20,0;-30,0;194,7;353,0;5107,9;450,0;334,5;416,5;328,5;409,0;845,0;-97,0;-63,5;-56,0;-492,0;3,0;378,0;5469,7;395,0;830,0;382,2;355,3;1049,8;-17,0;-4,2;-219,8;94,1
14.11.2014;1,2521;15,51;75,82;1256,0;654,8;725,0;337,0;5226,9;365,0;340,0;425,7;750,0;850,0;895,0;-28,0;-413,0;-3,0;-558,0;-83,4;-100,0;-45,0;195,2;332,0;5149,3;440,0;335,8;420,4;331,5;415,1;835,0;-108,0;-88,4;-83,1;-503,0;5,0;352,0;5459,5;390,0;820,0;375,1;345,7;1043,3;-38,0;-23,1;-223,3;92,4
21.11.2014;1,2388;15,1;76,51;1324,0;660,7;720,0;382,0;5768,2;360,0;350,0;433,6;844,0;835,0;885,0;22,0;-462,0;32,0;-503,0;-38,0;9,0;-50,0;174,3;332,0;5013,2;435,0;339,0;420,0;332,8;412,2;831,0;-103,0;-88,0;-80,2;-499,0;50,0;388,0;5858,8;385,0;818,0;381,7;344,3;1059,2;3,0;6,3;-241,2;87,6
28.11.2014;1,245;14,969;66,15;1153,0;635,0;725,0;394,0;5897,8;365,0;350,0;435,8;893,0;840,0;900,0;29,0;-499,0;44,0;-506,0;-25,6;53,0;-60,0;205,0;342,0;5119,4;435,0;337,0;419,6;338,0;420,8;843,0;-93,0;-77,6;-78,8;-501,0;52,0;407,0;6092,4;380,0;840,0;373,3;355,9;1042,6;27,0;33,7;-202,6;102,2
05.12.2014;1,2285;15,4144;65,84;982,0;615,4;705,0;392,0;6042,4;370,0;355,0;436,1;883,0;815,0;885,0;22,0;-491,0;37,0;-493,0;-26,0;68,0;-70,0;199,6;359,0;5533,8;440,0;340,3;418,0;331,8;407,6;813,0;-81,0;-59,0;-48,6;-454,0;33,0;402,0;6196,6;400,0;806,0;380,6;358,7;1037,1;2,0;21,4;-231,1;96,1
12.12.2014;1,246;15,7105;57,81;863,0;616,5;680,0;380,0;5970,0;370,0;355,0;442,3;860,0;820,0;885,0;10,0;-480,0;25,0;-505,0;-47,1;40,0;-65,0;203,5;355,0;5577,2;430,0;342,8;427,1;339,0;422,4;817,0;-75,0;-72,1;-67,4;-462,0;25,0;390,0;6127,1;400,0;826,0;384,8;344,8;1035,8;-10,0;5,2;-209,8;80,6
19.12.2014;1,2226;15,7693;56,52;803,0;621,6;705,0;396,0;6244,6;380,0;355,0;434,0;847,0;805,0;885,0;16,0;-451,0;41,0;-489,0;-31,0;42,0;-80,0;183,4;346,0;5456,2;425,0;349,3;427,0;342,8;419,0;813,0;-79,0;-81,0;-73,0;-467,0;50,0;406,0;6402,3;405,0;806,0;378,6;330,8;1035,8;1,0;27,4;-229,8;75,6
26.12.2014;1,2175;15,7688;54,73;782,0;643,6;705,0;415,0;6544,1;390,0;355,0;432,2;899,0;810,0;885,0;25,0;-484,0;60,0;-470,0;-15,4;89,0;-75,0;166,4;367,0;5787,1;425,0;353,5;430,4;342,8;417,3;813,0;-58,0;-63,4;-50,3;-446,0;48,0;431,0;6796,4;415,0;806,0;384,9;345,5;1051,7;16,0;46,1;-245,7;84,0
02.01.2015;1,2;15,7685;52,69;771,0;658,6;705,0;415,0;6543,9;390,0;350,0;420,0;923,0;810,0;885,0;25,0;-508,0;65,0;-470,0;-2,3;113,0;-75,0;151,4;359,0;5660,9;430,0;347,8;417,3;355,0;426,0;813,0;-71,0;-58,3;-67,0;-454,0;56,0;431,0;6796,2;420,0;806,0;368,3;324,4;1035,2;11,0;62,7;-229,2;80,7
09.01.2015;1,1839;15,749;48,36;709,0;662,5;720,0;418,0;6583,1;395,0;355,0;420,3;923,0;810,0;870,0;23,0;-505,0;63,0;-452,0;-9,7;113,0;-60,0;147,5;351,0;5527,9;420,0;361,3;427,7;358,3;424,1;796,0;-69,0;-76,7;-73,1;-445,0;67,0;431,0;6787,8;420,0;806,0;386,3;331,1;1086,7;11,0;44,7;-280,7;77,4
16.01.2015;1,1567;15,7975;48,69;741,0;660,1;710,0;425,0;6713,9;405,0;360,0;416,4;930,0;815,0;845,0;20,0;-505,0;65,0;-420,0;12,1;115,0;-30,0;154,9;347,0;5481,7;420,0;357,0;412,9;351,0;406,0;782,0;-73,0;-65,9;-59,0;-435,0;78,0;431,0;6808,7;415,0;808,0;364,4;296,8;1081,8;16,0;66,6;-273,8;71,1
23.01.2015;1,1207;15,7675;45,59;720,0;628,9;670,0;466,0;7347,7;420,0;360,0;403,5;952,0;795,0;830,0;46,0;-486,0;106,0;-364,0;66,5;157,0;-35,0;166,1;347,0;5471,3;435,0;356,5;399,5;351,0;393,4;769,0;-88,0;-52,5;-46,4;-422,0;119,0;472,0;7442,3;415,0;802,0;357,4;301,7;1023,8;57,0;114,6;-221,8;71,3
30.01.2015;1,1286;16,1575;48,24;608,0;593,6;625,0;482,0;7787,9;430,0;350,0;395,0;1015,0;735,0;775,0;52,0;-533,0;132,0;-293,0;86,7;280,0;-40,0;141,4;347,0;5606,7;426,0;350,3;395,3;341,5;385,4;725,0;-79,0;-48,3;-38,4;-378,0;135,0;476,0;7691,0;415,0;741,0;353,1;300,2;972,0;61,0;122,9;-231,0;65,0
06.02.2015;1,1313;25;51,69;559,0;658,2;700,0;448,0;11200,0;445,0;345,0;390,3;978,0;755,0;810,0;3,0;-530,0;103,0;-362,0;44,4;223,0;-55,0;96,8;333,0;8325,0;425,0;356,8;403,6;354,8;401,3;759,0;-92,0;-70,6;-68,3;-426,0;115,0;451,0;11275,0;400,0;770,0;357,7;299,8;1031,0;51,0;93,3;-261,0;70,8
13.02.2015;1,1383;25,9;52,78;530,0;633,0;695,0;329,0;8521,1;450,0;355,0;404,1;709,0;755,0;815,0;-121,0;-380,0;-26,0;-486,0;-77,7;-46,0;-60,0;122,0;314,0;8132,6;425,0;357,3;406,7;356,5;405,8;748,0;-111,0;-92,7;-91,8;-434,0;15,0;348,0;9013,2;400,0;763,0;363,9;302,4;1049,8;-52,0;-15,9;-286,8;70,1
20.02.2015;1,1378;27,75;50,34;513,0;636,3;690,0;341,0;9462,8;450,0;355,0;403,9;706,0;755,0;800,0;-109,0;-365,0;-14,0;-459,0;-66,3;-49,0;-45,0;118,7;332,0;9213,0;403,0;358,0;407,3;357,8;407,0;752,0;-71,0;-75,3;-75,0;-420,0;9,0;364,0;10101,0;400,0;785,0;367,1;316,2;1020,0;-36,0;-3,1;-235,0;72,5
27.02.2015;1,1193;26,5;49,76;540,0;642,9;685,0;357,0;9460,5;420,0;355,0;397,4;758,0;755,0;780,0;-63,0;-401,0;2,0;-423,0;-55,2;3,0;-25,0;112,1;337,0;8930,5;420,0;368,3;412,2;359,8;402,7;758,0;-83,0;-75,2;-65,7;-421,0;20,0;365,0;9672,5;410,0;781,0;378,7;321,9;1062,7;-45,0;-13,7;-281,7;73,3
06.03.2015;1,0843;22,25;49,61;565,0;633,3;700,0;368,0;8188,0;420,0;360,0;390,3;800,0;760,0;790,0;-52,0;-432,0;8,0;-422,0;-25,1;40,0;-30,0;126,7;349,0;7765,3;420,0;362,5;393,1;363,0;393,6;753,0;-71,0;-44,1;-44,6;-404,0;19,0;387,0;8610,8;410,0;753,0;359,8;306,7;1008,9;-23,0;27,2;-255,9;70,2
13.03.2015;1,0493;21,3659;44,84;562,0;615,7;670,0;355,0;7584,9;420,0;360,0;377,7;808,0;765,0;790,0;-65,0;-453,0;-5,0;-435,0;-32,2;43,0;-25,0;149,3;347,0;7414,0;420,0;369,0;387,2;372,8;391,1;742,0;-73,0;-40,2;-44,1;-395,0;8,0;387,0;8268,6;400,0;727,0;355,7;307,6;978,2;-13,0;31,3;-251,2;69,3
20.03.2015;1,082;21,6749;45,72;591,0;581,4;655,0;350,0;7586,2;415,0;365,0;394,9;781,0;760,0;800,0;-65,0;-431,0;-15,0;-450,0;-51,7;21,0;-40,0;178,6;358,0;7759,6;420,0;371,3;401,7;373,5;404,1;747,0;-62,0;-43,7;-46,1;-389,0;-8,0;365,0;7911,3;400,0;742,0;357,8;294,8;994,0;-35,0;7,2;-252,0;60,0
27.03.2015;1,0887;23,4335;48,87;596,0;584,0;665,0;376,0;8811,0;415,0;370,0;402,8;784,0;775,0;815,0;-39,0;-408,0;6,0;-439,0;-20,0;9,0;-40,0;191,0;367,0;8600,1;420,0;363,8;396,0;368,3;400,9;755,0;-53,0;-29,0;-33,9;-388,0;9,0;382,0;8951,6;400,0;768,0;355,4;292,5;991,4;-18,0;26,6;-223,4;60,0
03.04.2015;1,0976;22,5;49,14;588,0;593,8;657,0;397,0;8932,5;410,0;365,0;400,6;817,0;775,0;810,0;-13,0;-420,0;32,0;-413,0;-2,3;42,0;-35,0;181,2;365,0;8212,5;410,0;363,8;399,3;367,0;402,8;737,0;-45,0;-34,3;-37,8;-372,0;32,0;388,0;8730,0;390,0;752,0;362,3;297,8;1005,7;-2,0;25,7;-253,7;60,1
10.04.2015;1,0602;22,4;51,64;580,0;578,7;660,0;419,0;9385,6;410,0;375,0;397,6;822,0;780,0;825,0;9,0;-403,0;44,0;-406,0;27,0;42,0;-45,0;201,3;365,0;8176,0;410,0;369,8;392,0;374,0;396,5;730,0;-45,0;-27,0;-31,5;-365,0;54,0;408,0;9139,2;390,0;738,0;349,6;281,4;1007,3;18,0;58,4;-269,3;59,9
17.04.2015;1,0805;20,85;55,74;597,0;602,6;655,0;421,0;8777,9;410,0;385,0;416,0;822,0;780,0;830,0;11,0;-401,0;36,0;-409,0;16,9;42,0;-50,0;177,4;383,0;7985,6;410,0;374,0;404,1;373,8;403,8;745,0;-27,0;-21,1;-20,8;-362,0;38,0;409,0;8527,7;390,0;750,0;355,9;286,7;1021,2;19,0;53,1;-271,2;60,3
24.04.2015;1,0872;22,9;57,15;600,0;604,7;660,0;437,0;10007,3;415,0;385,0;418,6;870,0;795,0;840,0;22,0;-433,0;52,0;-403,0;28,8;75,0;-45,0;190,3;389,0;8908,1;410,0;375,5;408,2;376,0;408,8;743,0;-21,0;-19,2;-19,8;-354,0;48,0;420,0;9618,0;390,0;754,0;356,3;286,3;1026,1;30,0;63,7;-272,1;60,5
01.05.2015;1,12;21;59,15;587,0;581,5;655,0;436,0;9156,0;410,0;395,0;442,4;814,0;825,0;865,0;26,0;-378,0;41,0;-429,0;7,3;-11,0;-40,0;243,5;360,0;7560,0;410,0;382,8;428,7;370,0;414,4;755,0;-50,0;-68,7;-54,4;-395,0;76,0;404,0;8484,0;390,0;770,0;355,8;286,4;1018,7;14,0;48,2;-248,7;59,7
08.05.2015;1,1203;20,5;59,39;574,0;596,9;665,0;459,0;9409,5;405,0;400,0;448,1;887,0;855,0;890,0;54,0;-428,0;59,0;-431,0;62,1;32,0;-35,0;258,1;369,0;7564,5;420,0;354,3;396,9;364,5;408,3;775,0;-51,0;-27,9;-39,3;-406,0;90,0;426,0;8733,0;390,0;791,0;361,7;286,8;1062,7;36,0;64,3;-271,7;62,2
15.05.2015;1,1451;20,8;59,69;634,0;617,3;665,0;472,0;9817,6;410,0;400,0;458,0;898,0;865,0;925,0;62,0;-426,0;72,0;-453,0;66,9;33,0;-60,0;247,7;369,0;7675,2;420,0;353,8;405,1;368,0;421,4;770,0;-51,0;-36,1;-52,4;-401,0;103,0;436,0;9068,8;390,0;791,0;350,2;276,0;1071,5;46,0;85,8;-280,5;66,7
22.05.2015;1,1015;20,5;59,72;586,0;595,2;658,0;456,0;9348,0;410,0;400,0;440,6;903,0;850,0;900,0;46,0;-447,0;56,0;-444,0;60,6;53,0;-50,0;254,8;369,0;7564,5;398,0;359,0;395,4;372,3;410,0;768,0;-29,0;-26,4;-41,0;-399,0;87,0;426,0;8733,0;390,0;774,0;339,6;276,8;1025,1;36,0;86,4;-251,1;69,5
29.05.2015;1,0987;20,95;60,3;589,0;592,2;663,0;444,0;9301,8;370,0;405,0;445,0;902,0;855,0;915,0;74,0;-458,0;39,0;-471,0;42,2;47,0;-60,0;262,8;365,0;7646,8;400,0;365,8;401,8;378,3;415,6;764,0;-35,0;-36,8;-50,6;-399,0;79,0;418,0;8757,1;395,0;768,0;343,2;278,2;1079,9;23,0;74,8;-311,9;77,0
05.06.2015;1,1111;21,02;59,13;610,0;624,2;683,0;451,0;9480,0;380,0;415,0;461,1;899,0;875,0;945,0;71,0;-448,0;36,0;-494,0;32,7;24,0;-70,0;250,8;366,0;7693,3;395,0;376,5;418,3;385,3;428,1;815,0;-29,0;-52,3;-62,1;-449,0;85,0;418,0;8786,4;405,0;809,0;344,5;277,5;1126,9;13,0;73,5;-317,9;83,7
12.06.2015;1,1268;21;59,96;642,0;599,8;665,0;442,0;9282,0;380,0;415,0;467,6;903,0;870,0;925,0;62,0;-461,0;27,0;-483,0;22,3;33,0;-55,0;270,2;366,0;7686,0;395,0;372,5;419,7;385,3;434,1;800,0;-29,0;-53,7;-68,1;-434,0;76,0;390,0;8190,0;420,0;797,0;345,4;288,8;1073,7;-30,0;44,6;-276,7;82,2
19.06.2015;1,1352;21,5;59,61;779,0;597,0;663,0;409,0;8793,5;380,0;425,0;482,5;900,0;840,0;905,0;29,0;-491,0;-16,0;-496,0;-21,5;60,0;-65,0;243,0;361,0;7761,5;400,0;379,3;430,5;375,5;426,3;803,0;-39,0;-69,5;-65,3;-442,0;48,0;366,0;7869,0;420,0;795,0;356,9;294,0;1054,6;-54,0;9,1;-259,6;71,3
26.06.2015;1,1164;20,976;59,63;823,0;604,8;670,0;404,0;8474,3;380,0;425,0;474,5;871,0;855,0;850,0;24,0;-467,0;-21,0;-446,0;-32,8;16,0;5,0;250,2;369,0;7740,1;405,0;391,3;436,8;392,3;437,9;807,0;-36,0;-67,8;-68,9;-438,0;35,0;372,0;7803,1;425,0;767,0;368,1;310,6;1076,3;-53,0;3,9;-309,3;77,3
03.07.2015;1,1112;21;56,93;805,0;599,3;665,0;424,0;8904,0;390,0;425,0;472,3;897,0;860,0;850,0;34,0;-473,0;-1,0;-426,0;-14,1;37,0;10,0;260,7;388,0;8148,0;410,0;394,3;438,1;397,3;441,4;811,0;-22,0;-50,1;-53,4;-423,0;36,0;376,0;7896,0;405,0;769,0;384,0;325,2;1080,9;-29,0;-8,0;-311,9;74,0
10.07.2015;1,1162;21,698;52,74;874,0;577,5;643,0;417,0;9048,1;405,0;375,0;418,6;902,0;850,0;830,0;12,0;-485,0;42,0;-413,0;-21,1;52,0;20,0;272,5;389,0;8440,5;395,0;392,5;438,1;390,8;436,2;796,0;-6,0;-49,1;-47,2;-407,0;28,0;371,0;8050,0;405,0;749,0;383,4;333,1;1046,8;-34,0;-12,4;-297,8;74,6
17.07.2015;1,0828;21,996;50,89;1048,0;575,3;630,0;423,0;9304,3;420,0;375,0;406,1;878,0;845,0;825,0;3,0;-455,0;48,0;-402,0;2,1;33,0;20,0;269,7;396,0;8710,4;395,0;388,8;420,9;389,8;422,0;777,0;1,0;-24,9;-26,0;-381,0;27,0;373,0;8204,5;405,0;742,0;372,8;328,6;1029,7;-32,0;0,2;-287,7;78,5
24.07.2015;1,0982;21,946;48,14;1086,0;572,4;625,0;431,0;9458,7;410,0;375,0;411,8;897,0;845,0;830,0;21,0;-466,0;56,0;-399,0;9,0;52,0;15,0;272,6;404,0;8866,2;410,0;384,3;422,0;388,5;426,7;783,0;-6,0;-18,0;-22,7;-379,0;27,0;379,0;8317,5;405,0;748,0;364,2;322,9;987,6;-26,0;14,8;-239,6;74,8
31.07.2015;1,0987;20,996;47,12;1131,0;555,6;615,0;431,0;9049,3;410,0;380,0;417,5;895,0;855,0;830,0;21,0;-464,0;51,0;-399,0;21,2;40,0;25,0;299,4;412,0;8650,4;410,0;373,0;409,8;381,0;418,6;765,0;2,0;2,2;-6,6;-353,0;19,0;386,0;8104,5;405,0;723,0;360,3;322,7;971,4;-19,0;25,7;-248,4;75,6
07.08.2015;1,0965;21,094;43,87;1200,0;517,6;557,0;357,0;7530,6;415,0;380,0;416,7;958,0;860,0;820,0;-58,0;-601,0;-23,0;-463,0;-64,1;98,0;40,0;342,4;391,0;8247,8;430,0;384,0;421,1;384,8;421,9;763,0;-39,0;-30,1;-30,9;-372,0;-34,0;389,0;8205,6;405,0;730,0;370,7;320,9;973,0;-16,0;18,3;-243,0;64,0
14.08.2015;1,1106;21,896;42,5;1055,0;486,9;557,0;353,0;7729,3;410,0;370,0;410,9;960,0;765,0;820,0;-57,0;-607,0;-17,0;-467,0;-59,3;195,0;-55,0;278,1;388,0;8495,6;425,0;371,3;412,3;373,5;414,8;763,0;-37,0;-24,3;-26,8;-375,0;-35,0;398,0;8714,6;360,0;730,0;359,5;301,1;932,5;38,0;38,5;-202,5;52,0
21.08.2015;1,1387;22,144;40,45;994,0;458,5;535,0;342,0;7573,2;405,0;370,0;421,3;919,0;745,0;740,0;-63,0;-577,0;-28,0;-398,0;-65,1;174,0;5,0;286,5;383,0;8481,2;435,0;357,5;407,1;362,5;412,8;740,0;-52,0;-24,1;-29,8;-357,0;-41,0;378,0;8370,4;360,0;744,0;332,6;297,5;886,5;18,0;45,4;-142,5;67,6
28.08.2015;1,1179;21,1;45,22;903,0;459,6;500,0;361,0;7617,1;405,0;360,0;402,4;897,0;735,0;790,0;-44,0;-536,0;1,0;-429,0;-46,5;162,0;-55,0;275,4;380,0;8018,0;440,0;364,5;407,5;367,5;410,8;745,0;-60,0;-27,5;-30,8;-365,0;-19,0;369,0;7785,9;370,0;717,0;328,2;292,5;900,4;-1,0;40,8;-183,4;70,6
04.09.2015;1,1146;22;46,05;875,0;459,4;525,0;354,0;7788,0;395,0;360,0;401,3;934,0;750,0;795,0;-41,0;-580,0;-6,0;-441,0;-44,2;184,0;-45,0;290,6;372,0;8184,0;445,0;357,3;398,2;359,3;400,4;755,0;-73,0;-26,2;-28,4;-383,0;-18,0;358,0;7876,0;370,0;732,0;322,3;285,6;856,7;-12,0;35,7;-124,7;63,0
11.09.2015;1,1339;22,138;44,63;818,0;470,9;540,0;363,0;8036,1;380,0;370,0;419,5;815,0;755,0;810,0;-17,0;-452,0;-7,0;-447,0;-48,9;60,0;-55,0;284,1;373,0;8257,5;435,0;363,3;411,9;365,5;414,4;766,0;-62,0;-38,9;-41,4;-393,0;-10,0;357,0;7903,3;360,0;730,0;326,2;285,8;861,2;-3,0;30,8;-131,2;60,1
18.09.2015;1,1305;21,868;44,68;960,0;483,6;530,0;370,0;8091,2;400,0;375,0;423,9;803,0;760,0;820,0;-30,0;-433,0;-5,0;-450,0;-36,4;43,0;-60,0;276,4;373,0;8156,8;430,0;359,5;406,4;362,0;409,2;770,0;-57,0;-33,4;-36,2;-397,0;-3,0;364,0;7960,0;360,0;719,0;318,6;281,2;844,0;4,0;45,4;-125,0;60,8
25.09.2015;1,1194;21,335;45,7;943,0;515,2;535,0;376,0;8022,0;400,0;385,0;431,0;814,0;755,0;830,0;-24,0;-438,0;-9,0;-454,0;-37,9;59,0;-75,0;239,8;375,0;8000,6;429,0;369,8;413,9;370,0;414,2;770,0;-54,0;-38,9;-39,2;-395,0;1,0;370,0;7894,0;360,0;719,0;326,7;280,9;898,1;10,0;43,3;-179,1;62,4
02.10.2015;1,1209;21;45,54;889,0;525,9;587,0;382,0;8022,0;415,0;390,0;437,2;815,0;775,0;835,0;-33,0;-433,0;-8,0;-453,0;-31,1;40,0;-60,0;249,1;381,0;8001,0;425,0;368,5;413,1;369,0;413,6;777,0;-44,0;-32,1;-32,6;-396,0;1,0;374,0;7854,0;360,0;720,0;321,2;271,6;902,0;14,0;52,8;-182,0;61,2
09.10.2015;1,1354;21,698;49,63;809,0;524,3;590,0;384,0;8332,0;400,0;380,0;431,5;816,0;785,0;850,0;-16,0;-432,0;4,0;-466,0;-43,8;31,0;-65,0;260,7;383,0;8310,3;425,0;376,8;427,8;374,8;425,5;795,0;-42,0;-44,8;-42,5;-412,0;1,0;378,0;8201,8;360,0;737,0;325,4;279,3;912,7;18,0;52,6;-175,7;65,0
16.10.2015;1,1346;21,338;47,26;754,0;536,0;593,0;380,0;8108,4;430,0;380,0;431,1;800,0;805,0;920,0;-50,0;-420,0;0,0;-540,0;-47,7;-5,0;-115,0;269,0;380,0;8108,4;415,0;377,0;427,7;379,5;430,6;815,0;-35,0;-47,7;-50,6;-435,0;0,0;369,0;7873,7;363,0;761,0;330,0;283,9;926,6;6,0;39,0;-165,6;66,7
23.10.2015;1,1014;22,708;44,6;774,0;533,2;580,0;397,0;9015,1;445,0;390,0;429,5;830,0;840,0;970,0;-48,0;-433,0;7,0;-573,0;-21,8;-10,0;-130,0;306,8;379,0;8606,3;410,0;380,3;418,8;381,8;420,5;820,0;-31,0;-39,8;-41,5;-441,0;18,0;368,0;8356,5;365,0;764,0;329,0;277,6;925,7;3,0;39,0;-161,7;62,5
30.10.2015;1,1005;23,192;46,59;721,0;521,4;560,0;400,0;9276,8;455,0;400,0;440,2;842,0;815,0;875,0;-55,0;-442,0;0,0;-475,0;-13,5;27,0;-60,0;293,6;378,0;8766,6;410,0;375,8;413,5;378,3;416,3;800,0;-32,0;-35,5;-38,3;-422,0;22,0;367,0;8511,5;365,0;727,0;324,7;277,0;913,7;2,0;42,3;-186,7;64,1
06.11.2015;1,0738;22,05;44,29;631,0;509,8;572,0;399,0;8798,0;460,0;400,0;429,5;858,0;815,0;875,0;-61,0;-459,0;-1,0;-476,0;-10,9;43,0;-60,0;305,2;377,0;8312,9;418,0;381,8;409,9;381,8;409,9;805,0;-41,0;-32,9;-32,9;-428,0;22,0;371,0;8180,6;365,0;735,0;320,1;269,1;908,5;6,0;50,9;-173,5;61,4
13.11.2015;1,0777;23,11;40,74;560,0;480,5;560,0;417,0;9636,9;470,0;410,0;441,9;890,0;800,0;875,0;-53,0;-473,0;7,0;-458,0;15,6;90,0;-75,0;319,5;380,0;8781,8;413,0;372,5;401,4;373,3;402,3;785,0;-33,0;-21,4;-22,3;-405,0;37,0;384,0;8874,2;370,0;715,0;315,6;262,8;876,1;14,0;68,4;-161,1;55,0
20.11.2015;1,0643;23,89;40,39;498,0;504,1;545,0;419,0;10009,9;465,0;405,0;431,0;873,0;815,0;860,0;-46,0;-454,0;14,0;-441,0;17,8;58,0;-45,0;310,9;375,0;8958,8;410,0;377,0;401,2;376,0;400,2;778,0;-35,0;-26,2;-25,2;-403,0;44,0;379,0;9054,3;365,0;717,0;315,0;257,5;904,0;14,0;64,0;-187,0;56,4
27.11.2015;1,059;23,18;41,71;581,0;507,4;565,0;424,0;9828,3;470,0;410,0;434,2;866,0;813,0;855,0;-46,0;-442,0;14,0;-431,0;21,1;53,0;-42,0;305,6;379,0;8785,2;415,0;380,5;402,9;380,5;402,9;796,0;-36,0;-23,9;-23,9;-417,0;45,0;380,0;8808,4;360,0;738,0;320,7;257,0;931,5;20,0;59,3;-193,5;55,3
04.12.2015;1,0884;23,364;39,97;563,0;516,0;570,0;405,0;9462,4;465,0;410,0;446,2;892,0;800,0;860,0;-60,0;-487,0;-5,0;-455,0;-9,7;92,0;-60,0;284,0;381,0;8901,7;430,0;381,0;414,7;378,8;412,2;811,0;-49,0;-33,7;-31,2;-430,0;24,0;387,0;9041,9;365,0;754,0;332,9;259,4;1030,3;22,0;54,1;-276,3;63,2
11.12.2015;1,0987;23,75;35,62;522,0;517,9;560,0;396,0;9405,0;460,0;405,0;445,0;899,0;805,0;860,0;-64,0;-503,0;-9,0;-464,0;-13,3;94,0;-55,0;287,1;377,0;8953,8;438,0;372,5;409,3;369,8;406,2;824,0;-61,0;-32,3;-29,2;-447,0;19,0;384,0;9120,0;360,0;761,0;319,9;247,7;1007,0;24,0;64,1;-246,0;62,5
18.12.2015;1,0865;23,552;34,73;477,0;521,6;545,0;395,0;9303,0;455,0;400,0;434,6;864,0;785,0;850,0;-60,0;-469,0;-5,0;-455,0;-10,8;79,0;-65,0;263,4;374,0;8808,4;435,0;373,5;405,8;366,3;397,9;798,0;-61,0;-31,8;-23,9;-424,0;21,0;372,0;8761,3;355,0;742,0;327,8;255,7;989,2;17,0;44,2;-247,2;57,8
25.12.2015;1,0973;23,1;38,1;478,0;532,9;590,0;405,0;9355,5;450,0;400,0;438,9;859,0;790,0;845,0;-45,0;-454,0;5,0;-440,0;-6,2;69,0;-55,0;257,1;383,0;8847,3;430,0;374,8;411,2;366,3;401,9;821,0;-47,0;-28,2;-18,9;-438,0;22,0;376,0;8685,6;355,0;761,0;321,6;244,8;1000,2;21,0;54,4;-239,2;57,3
01.01.2016;1,0858;23,952;36,76;473,0;527,4;573,0;391,0;9365,2;450,0;400,0;434,3;830,0;785,0;840,0;-59,0;-439,0;-9,0;-449,0;-11,3;45,0;-55,0;257,6;370,0;8862,2;425,0;370,5;402,3;365,0;396,3;823,0;-55,0;-32,3;-26,3;-453,0;21,0;380,0;9101,8;355,0;765,0;317,6;239,5;969,7;25,0;62,4;-204,7;51,5
08.01.2016;1,0929;23,904;33,16;429,0;517,3;555,0;396,0;9466,0;445,0;395,0;431,7;831,0;775,0;840,0;-49,0;-435,0;1,0;-444,0;-4,8;56,0;-65,0;257,7;374,0;8940,1;418,0;366,8;400,8;359,5;392,9;791,0;-44,0;-26,8;-18,9;-417,0;22,0;367,0;8772,8;355,0;720,0;323,1;243,8;954,2;12,0;43,9;-234,2;46,5
15.01.2016;1,0914;24,2;29,42;373,0;500,4;550,0;382,0;9244,4;445,0;390,0;425,6;825,0;780,0;845,0;-63,0;-443,0;-8,0;-463,0;-7,9;45,0;-65,0;279,6;363,0;8784,6;420,0;357,3;389,9;347,5;379,3;771,0;-57,0;-26,9;-16,3;-408,0;19,0;374,0;9050,8;355,0;713,0;322,9;246,3;960,7;19,0;51,1;-247,7;49,9
22.01.2016;1,0794;24,5;32,19;354,0;554,7;560,0;375,0;9187,5;435,0;390,0;421,0;815,0;790,0;845,0;-60,0;-440,0;-15,0;-470,0;-13,3;25,0;-55,0;235,3;359,0;8795,5;420,0;359,8;388,3;350,0;377,8;758,0;-61,0;-29,3;-18,8;-399,0;16,0;355,0;8697,5;355,0;719,0;322,0;244,3;988,2;0,0;33,0;-269,2;54,3
29.01.2016;1,0834;25,6;33,62;317,0;566,0;580,0;386,0;9881,6;420,0;390,0;422,5;835,0;790,0;865,0;-34,0;-449,0;-4,0;-479,0;-3,8;45,0;-75,0;224,0;362,0;9267,2;420,0;359,8;389,8;350,8;380,0;777,0;-58,0;-27,8;-18,0;-415,0;24,0;364,0;9318,4;360,0;741,0;324,1;247,9;1000,5;4,0;39,9;-259,5;57,3
05.02.2016;1,1156;25,85;30,89;297,0;601,0;620,0;399,0;10314,2;418,0;390,0;435,1;841,0;798,0;880,0;-19,0;-442,0;9,0;-481,0;-1,8;43,0;-82,0;197,0;366,0;9461,1;420,0;359,3;400,8;345,8;385,7;797,0;-54,0;-34,8;-19,7;-431,0;33,0;365,0;9435,3;360,0;759,0;318,7;241,2;1011,9;5,0;46,3;-252,9;59,4
12.02.2016;1,1258;26,15;29,44;291,0;611,5;640,0;411,0;10747,7;420,0;370,0;416,5;844,0;800,0;880,0;-9,0;-433,0;41,0;-469,0;10,2;44,0;-80,0;188,5;362,0;9466,3;418,0;356,0;400,8;344,3;387,6;785,0;-56,0;-38,8;-25,6;-423,0;49,0;363,0;9492,5;355,0;770,0;320,6;238,4;1030,3;8,0;42,4;-260,3;58,6
19.02.2016;1,1132;26,94;29,64;315,0;600,0;655,0;406,0;10937,6;413,0;370,0;411,9;836,0;795,0;870,0;-7,0;-430,0;36,0;-464,0;12,2;41,0;-75,0;195,0;359,0;9671,5;418,0;353,8;393,8;342,3;381,0;780,0;-59,0;-34,8;-22,0;-421,0;47,0;358,0;9644,5;353,0;765,0;322,7;240,7;1017,0;5,0;35,3;-252,0;56,0
26.02.2016;1,0931;27,25;32,78;327,0;585,2;640,0;395,0;10763,8;415,0;370,0;404,4;830,0;773,0;860,0;-20,0;-435,0;25,0;-465,0;12,4;57,0;-87,0;187,8;355,0;9673,8;418,0;350,0;382,6;337,8;369,2;771,0;-63,0;-27,6;-14,2;-416,0;40,0;363,0;9891,8;355,0;752,0;314,1;234,1;1005,4;8,0;48,9;-253,4;57,1
04.03.2016;1,1001;26,15;35,92;349,0;599,4;653,0;384,0;10041,6;415,0;370,0;407,0;821,0;758,0;840,0;-31,0;-437,0;14,0;-456,0;-1,0;63,0;-82,0;158,6;360,0;9414,0;423,0;350,0;385,0;335,0;368,5;740,0;-63,0;-25,0;-8,5;-380,0;24,0;362,0;9466,3;350,0;730,0;319,8;243,6;995,7;12,0;42,2;-265,7;57,3
11.03.2016;1,115;25,4;38,5;388,0;623,8;670,0;382,0;9702,8;410,0;365,0;407,0;825,0;773,0;835,0;-28,0;-443,0;17,0;-453,0;-13,5;52,0;-62,0;149,2;368,0;9347,2;423,0;354,8;395,5;338,3;377,1;746,0;-55,0;-27,5;-9,1;-378,0;14,0;370,0;9398,0;348,0;738,0;326,3;247,5;1034,5;22,0;43,7;-296,5;61,1
18.03.2016;1,1267;26,5;39,44;395,0;650,7;700,0;374,0;9911,0;410,0;355,0;400,0;813,0;795,0;855,0;-36,0;-439,0;19,0;-481,0;-29,1;18,0;-60,0;144,3;359,0;9513,5;420,0;357,8;403,1;342,0;385,3;785,0;-61,0;-44,1;-26,3;-426,0;15,0;364,0;9646,0;350,0;777,0;329,7;242,6;1082,8;14,0;34,3;-305,8;62,5
25.03.2016;1,1163;26;39,46;406,0;659,2;713,0;398,0;10348,0;405,0;355,0;396,3;858,0;795,0;855,0;-7,0;-460,0;43,0;-457,0;-6,9;63,0;-60,0;135,8;371,0;9646,0;415,0;362,8;404,9;343,0;382,9;780,0;-44,0;-33,9;-11,9;-409,0;27,0;363,0;9438,0;350,0;776,0;334,5;250,5;1075,0;13,0;28,5;-299,0;62,6
01.04.2016;1,1386;26;36,79;450,0;698,6;733,0;399,0;10374,0;405,0;355,0;404,2;851,0;795,0;860,0;-6,0;-452,0;44,0;-461,0;-20,0;56,0;-65,0;96,4;368,0;9568,0;400,0;368,0;419,0;352,8;401,6;813,0;-32,0;-51,0;-33,6;-445,0;31,0;367,0;9542,0;355,0;786,0;337,4;247,8;1116,2;12,0;29,6;-330,2;65,1
08.04.2016;1,1399;25,6;39,72;539,0;678,7;730,0;404,0;10342,4;410,0;360,0;410,4;863,0;790,0;850,0;-6,0;-459,0;44,0;-446,0;-16,3;73,0;-60,0;111,3;377,0;9651,2;400,0;368,8;420,3;352,5;401,8;816,0;-23,0;-43,3;-24,8;-439,0;27,0;371,0;9497,6;355,0;800,0;336,8;249,1;1099,7;16,0;34,2;-299,7;63,7
15.04.2016;1,128;25,4;40,36;635,0;676,4;710,0;412,0;10464,8;420,0;360,0;406,1;869,0;800,0;847,0;-8,0;-457,0;52,0;-435,0;-3,7;69,0;-47,0;123,6;377,0;9575,8;400,0;368,5;415,7;355,5;401,0;804,0;-23,0;-38,7;-24,0;-427,0;35,0;370,0;9398,0;350,0;790,0;351,2;269,3;1081,5;20,0;18,8;-291,5;62,1
22.04.2016;1,123;25,32;43,73;688,0;687,1;740,0;422,0;10685,0;420,0;360,0;404,3;866,0;820,0;865,0;2,0;-444,0;62,0;-443,0;1,4;46,0;-45,0;132,9;378,0;9571,0;400,0;374,5;420,6;363,0;407,6;823,0;-22,0;-42,6;-29,6;-445,0;44,0;369,0;9343,1;358,0;811,0;362,6;283,6;1101,3;11,0;6,4;-290,3;65,8
29.04.2016;1,1454;25;45,92;703,0;659,0;710,0;433,0;10825,0;420,0;365,0;418,1;870,0;815,0;870,0;13,0;-437,0;68,0;-437,0;6,3;55,0;-55,0;156,0;381,0;9525,0;415,0;372,5;426,7;354,0;405,5;798,0;-34,0;-45,7;-24,5;-417,0;52,0;381,0;9525,0;375,0;786,0;375,1;302,2;1065,3;6,0;5,9;-279,3;61,6
06.05.2016;1,1402;25,17;44,66;631,0;659,0;710,0;433,0;10898,6;420,0;365,0;416,2;879,0;805,0;870,0;13,0;-446,0;68,0;-437,0;18,3;74,0;-65,0;146,0;381,0;9589,8;405,0;363,8;414,7;350,8;399,9;804,0;-24,0;-33,7;-18,9;-423,0;52,0;387,0;9740,8;375,0;777,0;377,0;310,5;1063,0;12,0;10,0;-286,0;65,9
13.05.2016;1,1305;25,45;46,21;600,0;654,3;710,0;438,0;11147,1;420,0;365,0;412,6;882,0;825,0;875,0;18,0;-444,0;73,0;-437,0;18,3;57,0;-50,0;170,7;387,0;9849,2;410,0;371,3;419,7;360,3;407,3;818,0;-23,0;-32,7;-20,3;-431,0;51,0;393,0;10001,9;390,0;802,0;387,6;328,5;1042,3;3,0;5,4;-240,3;65,9
20.05.2016;1,1222;25;47,75;625,0;627,0;700,0;445,0;11125,0;420,0;370,0;415,2;880,0;815,0;865,0;25,0;-435,0;75,0;-420,0;30,1;65,0;-50,0;188,0;388,0;9700,0;425,0;369,8;414,9;358,5;402,3;803,0;-37,0;-26,9;-14,3;-415,0;57,0;394,0;9850,0;405,0;792,0;394,7;357,4;1013,1;-11,0;-0,7;-221,1;76,6
27.05.2016;1,1114;25,14;49,33;606,0;634,7;710,0;440,0;11061,6;440,0;370,0;411,2;890,0;820,0;865,0;0,0;-450,0;70,0;-425,0;24,3;70,0;-45,0;185,3;390,0;9804,6;425,0;374,0;415,7;361,8;402,0;808,0;-35,0;-25,7;-12,0;-418,0;50,0;406,0;10206,8;395,0;787,0;399,2;366,4;1020,0;11,0;6,8;-233,0;80,6
03.06.2016;1,1365;24,9;48,62;610,0;646,7;695,0;432,0;10756,8;445,0;380,0;431,9;884,0;815,0;855,0;-13,0;-452,0;52,0;-423,0;1,0;69,0;-40,0;168,3;398,0;9910,2;425,0;379,3;431,0;367,3;417,4;803,0;-27,0;-33,0;-19,4;-405,0;34,0;413,0;10283,7;410,0;806,0;415,9;377,0;1045,2;3,0;-2,9;-239,2;77,0
10.06.2016;1,1249;24,98;49,07;610,0;646,2;705,0;439,0;10966,2;440,0;380,0;427,5;890,0;820,0;858,0;-1,0;-451,0;59,0;-419,0;12,4;70,0;-38,0;173,8;417,0;10416,7;422,0;379,3;426,6;372,0;418,5;822,0;-5,0;-9,6;-1,5;-405,0;22,0;424,0;10591,5;430,0;811,0;432,9;376,7;1061,4;-6,0;-8,9;-250,4;62,7
17.06.2016;1,1274;24,88;47,98;587,0;606,4;665,0;440,0;10947,2;445,0;380,0;428,4;891,0;790,0;848,0;-5,0;-451,0;60,0;-408,0;27,1;101,0;-58,0;183,6;420,0;10449,6;435,0;366,3;412,9;356,5;401,9;788,0;-15,0;7,1;18,1;-368,0;20,0;435,0;10822,8;445,0;777,0;426,0;370,7;1034,5;-10,0;9,0;-257,5;59,9
24.06.2016;1,1115;24,875;47,64;609,0;603,9;675,0;432,0;10746,0;455,0;380,0;422,4;893,0;800,0;848,0;-23,0;-461,0;52,0;-416,0;40,8;93,0;-48,0;196,1;420,0;10447,5;425,0;352,0;391,2;342,3;380,4;773,0;-5,0;28,8;39,6;-353,0;12,0;436,0;10845,5;440,0;797,0;405,2;341,8;1004,1;-4,0;30,8;-207,1;51,9
01.07.2016;1,1135;24,815;48,99;677,0;602,1;663,0;430,0;10670,5;415,0;385,0;428,7;886,0;800,0;840,0;15,0;-456,0;45,0;-410,0;31,6;86,0;-40,0;197,9;408,0;10124,5;415,0;357,8;398,4;344,0;383,0;756,0;-7,0;9,6;25,0;-348,0;22,0;436,0;10819,3;440,0;794,0;429,4;368,4;1005,4;-4,0;6,6;-211,4;49,3
08.07.2016;1,1052;24,84;45,41;703,0;575,7;650,0;431,0;10706,0;410,0;370,0;408,9;872,0;780,0;820,0;21,0;-441,0;61,0;-389,0;41,4;92,0;-40,0;204,3;397,0;9861,5;400,0;352,5;389,6;339,0;374,7;748,0;-3,0;7,4;22,3;-351,0;34,0;429,0;10656,4;430,0;784,0;400,4;344,6;980,7;-1,0;28,6;-196,7;54,8
15.07.2016;1,1034;24,82;45,95;745,0;582,5;640,0;433,0;10747,1;395,0;360,0;397,2;872,0;795,0;820,0;38,0;-439,0;73,0;-387,0;35,2;77,0;-25,0;212,5;405,0;10052,1;385,0;360,5;397,8;341,8;377,1;770,0;20,0;7,2;27,9;-365,0;28,0;473,0;11739,9;410,0;795,0;394,0;336,2;1000,8;63,0;79,0;-205,8;58,0
22.07.2016;1,0973;24,74;44,19;718,0;582,7;663,0;433,0;10712,4;380,0;360,0;395,0;871,0;780,0;820,0;53,0;-438,0;73,0;-387,0;40,4;91,0;-40,0;197,3;419,0;10366,1;400,0;357,8;392,6;355,0;389,5;783,0;19,0;26,4;29,5;-364,0;14,0;434,0;10737,2;400,0;808,0;369,8;315,5;978,8;34,0;64,2;-170,8;61,7
29.07.2016;1,117;24,8;41,6;656,0;583,7;680,0;433,0;10738,4;378,0;360,0;402,1;873,0;740,0;800,0;55,0;-440,0;73,0;-367,0;34,2;133,0;-60,0;156,3;423,0;10490,4;405,0;357,0;398,8;353,0;394,3;790,0;18,0;24,2;28,7;-367,0;10,0;436,0;10812,8;390,0;780,0;379,3;318,5;983,3;46,0;56,7;-203,3;55,4
05.08.2016;1,1085;24,81;41,8;636,0;622,4;720,0;433,0;10742,7;378,0;350,0;388,0;876,0;740,0;810,0;55,0;-443,0;83,0;-377,0;27,0;136,0;-70,0;117,6;425,0;10544,3;405,0;366,3;406,0;358,0;396,8;805,0;20,0;19,0;28,2;-380,0;8,0;434,0;10767,5;400,0;800,0;368,8;305,6;988,8;34,0;65,2;-188,8;56,6
12.08.2016;1,1158;25;44,49;671,0;650,8;775,0;433,0;10825,0;375,0;350,0;390,5;878,0;755,0;840,0;58,0;-445,0;83,0;-407,0;20,7;123,0;-85,0;104,2;433,0;10825,0;410,0;369,5;412,3;362,0;403,9;843,0;23,0;20,7;29,1;-410,0;0,0;437,0;10925,0;395,0;837,0;368,6;302,9;1033,6;42,0;68,4;-196,6;62,9
19.08.2016;1,1325;25,21;48,52;683,0;711,1;770,0;341,0;8596,6;370,0;355,0;402,0;878,0;790,0;825,0;-29,0;-537,0;-14,0;-484,0;-87,1;88,0;-35,0;78,9;434,0;10941,1;420,0;378,0;428,1;374,3;423,8;839,0;14,0;5,9;10,2;-405,0;-93,0;389,0;9806,7;410,0;830,0;377,3;300,3;1106,1;-21,0;11,7;-276,1;65,3
26.08.2016;1,1195;25,46;47,64;720,0;697,7;755,0;356,0;9063,8;385,0;355,0;397,4;871,0;795,0;815,0;-29,0;-515,0;1,0;-459,0;-63,0;76,0;-20,0;97,3;433,0;11024,2;430,0;374,3;419,0;370,3;414,5;830,0;3,0;14,0;18,5;-397,0;-77,0;407,0;10362,2;405,0;814,0;364,0;292,3;1067,6;2,0;43,0;-253,6;65,2
02.09.2016;1,1153;26,65;44,44;720,0;692,9;755,0;366,0;9753,9;385,0;355,0;395,9;854,0;780,0;820,0;-19,0;-488,0;11,0;-454,0;-54,5;74,0;-40,0;87,1;426,0;11352,9;438,0;377,0;420,5;374,3;417,4;861,0;-12,0;5,5;8,6;-435,0;-60,0;397,0;10580,1;388,0;835,0;355,8;285,5;1058,2;9,0;41,2;-223,2;66,2
09.09.2016;1,1229;26,655;45,88;804,0;712,5;745,0;378,0;10075,6;385,0;355,0;398,6;822,0;780,0;810,0;-7,0;-444,0;23,0;-432,0;-46,7;42,0;-30,0;67,5;421,0;11221,8;428,0;378,3;424,7;375,5;421,6;841,0;-7,0;-3,7;-0,6;-420,0;-43,0;402,0;10715,3;395,0;805,0;366,4;294,2;1070,2;7,0;35,6;-265,2;64,8
16.09.2016;1,1153;25,8;43,03;800,0;684,8;785,0;365,0;9417,0;390,0;355,0;395,9;843,0;775,0;835,0;-25,0;-478,0;10,0;-470,0;-50,4;68,0;-60,0;90,2;423,0;10913,4;430,0;372,5;415,4;369,5;412,1;860,0;-7,0;7,6;10,9;-437,0;-58,0;401,0;10345,8;390,0;843,0;354,9;285,5;1036,2;11,0;46,1;-193,2;63,1
23.09.2016;1,1222;25,93;44,48;941,0;696,6;745,0;376,0;9749,7;395,0;360,0;404,0;851,0;785,0;813,0;-19,0;-475,0;16,0;-437,0;-45,7;66,0;-28,0;88,4;427,0;11072,1;425,0;375,8;421,7;377,3;423,3;855,0;2,0;5,3;3,7;-428,0;-51,0;408,0;10579,4;388,0;833,0;350,9;276,0;1079,2;20,0;57,1;-246,2;67,4
30.09.2016;1,1238;25,91;48,24;875,0;671,6;690,0;379,0;9819,9;395,0;360,0;404,6;844,0;775,0;818,0;-16,0;-465,0;19,0;-439,0;-43,3;69,0;-43,0;103,4;435,0;11270,9;420,0;375,8;422,3;376,5;423,1;848,0;15,0;12,7;11,9;-413,0;-56,0;407,0;10545,4;378,0;828,0;350,5;271,1;1077,0;29,0;56,5;-249,0;63,5
07.10.2016;1,1199;25,8;49,81;921,0;637,8;685,0;386,0;9958,8;395,0;360,0;403,2;832,0;773,0;820,0;-9,0;-446,0;26,0;-434,0;-36,8;59,0;-47,0;135,2;438,0;11300,4;420,0;377,5;422,8;376,5;421,6;855,0;18,0;15,2;16,4;-417,0;-52,0;406,0;10474,8;390,0;831,0;351,5;271,7;1072,8;16,0;54,5;-241,8;62,2
14.10.2016;1,0969;25,77;50,35;892,0;626,5;730,0;387,0;9973,0;392,0;360,0;394,9;838,0;770,0;840,0;-5,0;-451,0;27,0;-453,0;-39,1;68,0;-70,0;143,5;441,0;11364,6;420,0;388,5;426,1;385,3;422,6;928,0;21,0;14,9;18,4;-487,0;-54,0;410,0;10565,7;378,0;873,0;353,6;272,8;1106,5;32,0;56,4;-233,5;67,1
21.10.2016;1,0882;25,6375;50,85;842,0;659,6;743,0;395,0;10126,8;396,0;360,0;391,8;843,0;785,0;840,0;-1,0;-448,0;35,0;-445,0;-33,8;58,0;-55,0;125,4;446,0;11434,3;430,0;394,0;428,8;394,8;429,6;929,0;16,0;17,2;16,4;-483,0;-51,0;413,0;10588,3;385,0;880,0;361,2;278,9;1137,9;28,0;51,8;-257,9;70,2
28.10.2016;1,0983;25,47;48,7;834,0;664,8;735,0;397,0;10111,6;395,0;360,0;395,4;848,0;790,0;830,0;2,0;-451,0;37,0;-433,0;-42,3;58,0;-40,0;125,2;453,0;11537,9;425,0;400,0;439,3;395,5;434,4;907,0;28,0;13,7;18,6;-454,0;-56,0;416,0;10595,5;393,0;865,0;367,9;288,9;1147,3;23,0;48,1;-282,3;73,2
04.11.2016;1,1135;25,565;44,07;855,0;658,5;755,0;393,0;10047,0;405,0;365,0;406,4;845,0;765,0;833,0;-12,0;-452,0;28,0;-440,0;-42,1;80,0;-68,0;106,5;458,0;11708,8;425,0;390,8;435,1;390,8;435,1;889,0;33,0;22,9;22,9;-431,0;-65,0;415,0;10609,5;390,0;877,0;360,6;281,2;1124,6;25,0;54,4;-247,6;70,2
11.11.2016;1,085;25,62;43,41;1045,0;696,7;750,0;395,0;10119,9;405,0;365,0;396,0;841,0;770,0;815,0;-10,0;-446,0;30,0;-420,0;-30,6;71,0;-45,0;73,3;458,0;11734,0;430,0;392,3;425,6;388,3;421,3;882,0;28,0;32,4;36,7;-424,0;-63,0;415,0;10632,3;390,0;868,0;359,5;280,1;1115,9;25,0;55,5;-247,9;68,8
18.11.2016;1,0585;25,85;45,69;1257,0;650,7;780,0;382,0;9874,7;405,0;370,0;391,6;811,0;760,0;830,0;-23,0;-429,0;12,0;-448,0;-38,8;51,0;-70,0;109,3;402,0;10391,7;430,0;397,5;420,8;389,0;411,8;875,0;-28,0;-18,8;-9,8;-473,0;-20,0;404,0;10443,4;388,0;891,0;365,1;282,5;1103,2;16,0;38,9;-212,2;62,8
25.11.2016;1,0584;25,7;46,06;1181,0;683,1;765,0;393,0;10100,1;400,0;370,0;391,6;831,0;785,0;845,0;-7,0;-438,0;23,0;-452,0;-32,2;46,0;-60,0;101,9;414,0;10639,8;440,0;401,8;425,2;398,8;422,0;908,0;-26,0;-11,2;-8,0;-494,0;-21,0;420,0;10794,0;390,0;904,0;363,4;280,3;1121,0;30,0;56,6;-217,0;66,0
02.12.2016;1,067;25,97;51,68;1198,0;701,1;783,0;397,0;10310,1;400,0;380,0;405,5;840,0;785,0;855,0;-3,0;-443,0;17,0;-458,0;-40,2;55,0;-70,0;83,9;415,0;10777,6;425,0;409,8;437,2;406,3;433,5;926,0;-10,0;-22,2;-18,5;-511,0;-18,0;421,0;10933,4;395,0;926,0;377,5;282,7;1215,3;26,0;43,5;-289,3;71,1
09.12.2016;1,0559;26;51,5;1090,0;706,3;790,0;400,0;10400,0;400,0;390,0;411,8;832,0;785,0;845,0;0,0;-432,0;10,0;-445,0;-35,0;47,0;-60,0;78,7;407,0;10582,0;440,0;412,0;435,0;409,8;432,7;916,0;-33,0;-28,0;-25,7;-509,0;-7,0;413,0;10738,0;393,0;916,0;381,2;288,8;1190,4;20,0;31,8;-274,4;67,7
;;;;;;;;;;;;;;;;;;;;;;;;;;;;;;;;;;;;;;;;;;;;;;
;;;;;;;;;;;;;;;;;;;;;;;;;;;;;;;;;;;;;;;;;;;;;;
;;;;;;;;;;;;;;;;;;;;;;;;;;;;;;;;;;;;;;;;;;;;;;
;;;;;;;;;;;;;;;;;;;;;;;;;;;;;;;;;;;;;;;;;;;;;;
;;;;;;;;;;;;;;;;;;;;;;;;;;;;;;;;;;;;;;;;;;;;;;
;;;;;;;;;;;;;;;;;;;;;;;;;;;;;;;;;;;;;;;;;;;;;;
;;;;;;;;;;;;;;;;;;;;;;;;;;;;;;;;;;;;;;;;;;;;;;
;;;;;;;;;;;;;;;;;;;;;;;;;;;;;;;;;;;;;;;;;;;;;;
;;;;;;;;;;;;;;;;;;;;;;;;;;;;;;;;;;;;;;;;;;;;;;
;;;;;;;;;;;;;;;;;;;;;;;;;;;;;;;;;;;;;;;;;;;;;;
;;;;;;;;;;;;;;;;;;;;;;;;;;;;;;;;;;;;;;;;;;;;;;
;;;;;;;;;;;;;;;;;;;;;;;;;;;;;;;;;;;;;;;;;;;;;;
;;;;;;;;;;;;;;;;;;;;;;;;;;;;;;;;;;;;;;;;;;;;;;
;;;;;;;;;;;;;;;;;;;;;;;;;;;;;;;;;;;;;;;;;;;;;;
;;;;;;;;;;;;;;;;;;;;;;;;;;;;;;;;;;;;;;;;;;;;;;
;;;;;;;;;;;;;;;;;;;;;;;;;;;;;;;;;;;;;;;;;;;;;;
;;;;;;;;;;;;;;;;;;;;;;;;;;;;;;;;;;;;;;;;;;;;;;
;;;;;;;;;;;;;;;;;;;;;;;;;;;;;;;;;;;;;;;;;;;;;;
;;;;;;;;;;;;;;;;;;;;;;;;;;;;;;;;;;;;;;;;;;;;;;
;;;;;;;;;;;;;;;;;;;;;;;;;;;;;;;;;;;;;;;;;;;;;;
;;;;;;;;;;;;;;;;;;;;;;;;;;;;;;;;;;;;;;;;;;;;;;
